-1x-12.jpeg,0
002726_mg_0403.jpg,0
01-california-mice-bark-unknown-1_2x3.jpg,0
01-california-mice-bark-unknown-1_4x3.jpg,0
040331_rat_vmed_10a.jpg,0
1-african-giant-rat-moswe-590a-590x300.jpg,0
1173860-mouse-banner_990x350.jpg,0
1200px-D09CD18BD188D18C_2.jpg,0
12212022_addrats1_140829.jpg,0
2022_720x480headers_0016_small_mice.jpg,0
20230406_mouseRat_1000x562.jpg,0
24Calculator-Rats-hwjz-mediumSquareAt3X-v2.jpg,0
2Q__ (1).jpeg,0
2Q__ (2).jpeg,0
2Q__ (3).jpeg,0
2Q__ (4).jpeg,0
2Q__ (5).jpeg,0
2Q__ (6).jpeg,0
2Q__ (7).jpeg,0
2Q__ (8).jpeg,0
2Q__.jpeg,0
31-house-mouse.jpg,0
56bfb7618c582c634c442ea914ba94c5.jpg,0
56e6e0d21e0000c600710033.jpeg,0
640px-Lyonblackandwhitehoodedrat.jpg,0
65ef66d698b867021b272b29_how-many-mice-live-in-a-nest.png,0
65f362b13d20becccbfe9154_how-often-do-mice-eat.png,0
7000715747330_trans_NvBQzQNjv4Bq8qfu4ygb0aKpfMPo7MTqVoJoAfU28wqS5YNn5_t3ln8.jpeg,0
7auVjCELrhFKTPfudXRTgc.jpg,0
7daab10d-32d3-11ef-b68c-6207552ec28f.jpg,0
800px-Cricetomys_gambianus_as_a_captive_pet.jpg,0
9k_ (1).jpeg,0
9k_ (10).jpeg,0
9k_ (11).jpeg,0
9k_ (12).jpeg,0
9k_ (13).jpeg,0
9k_ (14).jpeg,0
9k_ (15).jpeg,0
9k_ (16).jpeg,0
9k_ (17).jpeg,0
9k_ (2).jpeg,0
9k_ (3).jpeg,0
9k_ (4).jpeg,0
9k_ (5).jpeg,0
9k_ (6).jpeg,0
9k_ (7).jpeg,0
9k_ (8).jpeg,0
9k_ (9).jpeg,0
9k_.jpeg,0
AdobeStock_74452936-002.jpeg,0
ai-generated-8725625_1280.png,0
apc_rat.jpeg,0
apc_rat.jpg,0
Are-Mice-Harmful-540x540.jpg,0
are-rats-dangerous.jpg,0
ArticleRNM_0008_Mouse_489437533.jpg,0
AWLQ-Rats.jpg,0
black-rat-collects-drags-rat-garbage-his-house.jpg,0
brown-rat.jpg,0
brownrat5568LCampbell-e1403886708434.jpg,0
Bush-rat.jpg,0
BX154001_HY_BC_HERTFORDSHIRE_076.jpg,0
cat_1937_rd_wildlife_detection_1.jpg,0
cc_istock_24626120_large_16x9.jpg,0
city-rats-getting-larger.jpg,0
Clean20Home20Mice20Featured20Photo.png,0
Coquitlam-Wildlife-Control_-3-Ways-Rats-Are-Like-Humans--scaled.jpg,0
cute-brown-mouse.jpg,0
cutemouse.jpg,0
dead-rat-smell.jpg,0
drug-testing-on-laboratory-animal-mice-2022-11-02-17-44-57-utc-1080x1080.jpg,0
essay-gettyimages-1149969364.jpg,0
fec6df58a7dc085790ae728db9482193.jpg,0
field-mouse-eating-fruit.v7.2404041115550.jpg,0
file-20231129-21-x68ffx.jpg,0
file-20241024-15-p8o51s.jpg,0
freudensprung-rats.jpg,0
G1 (10).jpeg,0
G1 (100).jpeg,0
G1 (101).jpeg,0
G1 (102).jpeg,0
G1 (103).jpeg,0
G1 (104).jpeg,0
G1 (105).jpeg,0
G1 (106).jpeg,0
G1 (107).jpeg,0
G1 (108).jpeg,0
G1 (109).jpeg,0
G1 (11).jpeg,0
G1 (12).jpeg,0
G1 (13).jpeg,0
G1 (14).jpeg,0
G1 (15).jpeg,0
G1 (16).jpeg,0
G1 (17).jpeg,0
G1 (18).jpeg,0
G1 (19).jpeg,0
G1 (20).jpeg,0
G1 (21).jpeg,0
G1 (22).jpeg,0
G1 (23).jpeg,0
G1 (24).jpeg,0
G1 (25).jpeg,0
G1 (26).jpeg,0
G1 (27).jpeg,0
G1 (28).jpeg,0
G1 (29).jpeg,0
G1 (30).jpeg,0
G1 (31).jpeg,0
G1 (32).jpeg,0
G1 (34).jpeg,0
G1 (35).jpeg,0
G1 (36).jpeg,0
G1 (37).jpeg,0
G1 (38).jpeg,0
G1 (39).jpeg,0
G1 (40).jpeg,0
G1 (41).jpeg,0
G1 (42).jpeg,0
G1 (43).jpeg,0
G1 (44).jpeg,0
G1 (45).jpeg,0
G1 (46).jpeg,0
G1 (48).jpeg,0
G1 (49).jpeg,0
G1 (50).jpeg,0
G1 (51).jpeg,0
G1 (52).jpeg,0
G1 (53).jpeg,0
G1 (54).jpeg,0
G1 (55).jpeg,0
G1 (56).jpeg,0
G1 (57).jpeg,0
G1 (58).jpeg,0
G1 (59).jpeg,0
G1 (60).jpeg,0
G1 (61).jpeg,0
G1 (62).jpeg,0
G1 (63).jpeg,0
G1 (64).jpeg,0
G1 (65).jpeg,0
G1 (66).jpeg,0
G1 (67).jpeg,0
G1 (68).jpeg,0
G1 (69).jpeg,0
G1 (70).jpeg,0
G1 (71).jpeg,0
G1 (72).jpeg,0
G1 (73).jpeg,0
G1 (74).jpeg,0
G1 (75).jpeg,0
G1 (76).jpeg,0
G1 (77).jpeg,0
G1 (78).jpeg,0
G1 (79).jpeg,0
G1 (80).jpeg,0
G1 (81).jpeg,0
G1 (82).jpeg,0
G1 (83).jpeg,0
G1 (84).jpeg,0
G1 (85).jpeg,0
G1 (86).jpeg,0
G1 (87).jpeg,0
G1 (88).jpeg,0
G1 (89).jpeg,0
G1 (90).jpeg,0
G1 (91).jpeg,0
G1 (92).jpeg,0
G1 (93).jpeg,0
G1 (94).jpeg,0
G1 (95).jpeg,0
G1 (96).jpeg,0
G1 (97).jpeg,0
G1 (98).jpeg,0
G1 (99).jpeg,0
get-rid-of-rats.jpg,0
GettyImages-1487700919.jpg,0
GettyImages-649545706.jpg,0
gray.dumbo_.rat_.jpg,0
header-invasive-inbreeding.jpg,0
hh-animals-mouse-1.png,0
hh-animals-rat-1.png,0
house-mouse-1.jpg,0
house-mouse-wtml-1062551-amy-lewis.jpg,0
house20mouse.jpg,0
Household-hiding-spots-for-mice-and-rats.jpg,0
how-long-do-mice-live.jpeg,0
How-Many-Baby-Mice-in-A-Litter.jpg,0
how-to-care-for-baby-mice.jpg,0
how-to-get-rid-of-mice-2023-hero.jpg,0
how-to-get-rid-of-mice.jpg,0
how-to-get-rid-of-rats-64994bc3bf2cc.jpg,0
How-to-Identify-And-Eliminate-Roof-Rats.jpg,0
image.jpeg,0
image10.jpeg,0
image11.jpeg,0
image12.jpeg,0
image13.jpeg,0
image14.jpeg,0
image15.jpeg,0
image16.jpeg,0
image17.jpeg,0
image18.jpeg,0
image19.jpeg,0
image2.jpeg,0
image21.jpeg,0
image22.jpeg,0
image23.jpeg,0
image24.jpeg,0
image25.jpeg,0
image27.jpeg,0
image28.jpeg,0
image29.jpeg,0
image3.jpeg,0
image30.jpeg,0
image31.jpeg,0
image32.jpeg,0
image33.jpeg,0
image4.jpeg,0
image5.jpeg,0
image6.jpeg,0
image7.jpeg,0
image8.jpeg,0
image9.jpeg,0
images (1).jpeg,0
images (10).jpeg,0
images (100).jpeg,0
images (11).jpeg,0
images (12).jpeg,0
images (14).jpeg,0
images (15).jpeg,0
images (16).jpeg,0
images (17).jpeg,0
images (18).jpeg,0
images (19).jpeg,0
images (2).jpeg,0
images (20).jpeg,0
images (21).jpeg,0
images (22).jpeg,0
images (23).jpeg,0
images (24).jpeg,0
images (25).jpeg,0
images (26).jpeg,0
images (27).jpeg,0
images (28).jpeg,0
images (29).jpeg,0
images (3).jpeg,0
images (30).jpeg,0
images (31).jpeg,0
images (32).jpeg,0
images (33).jpeg,0
images (34).jpeg,0
images (35).jpeg,0
images (36).jpeg,0
images (37).jpeg,0
images (39).jpeg,0
images (4).jpeg,0
images (40).jpeg,0
images (41).jpeg,0
images (42).jpeg,0
images (43).jpeg,0
images (44).jpeg,0
images (45).jpeg,0
images (46).jpeg,0
images (47).jpeg,0
images (48).jpeg,0
images (49).jpeg,0
images (5).jpeg,0
images (50).jpeg,0
images (51).jpeg,0
images (52).jpeg,0
images (53).jpeg,0
images (54).jpeg,0
images (55).jpeg,0
images (56).jpeg,0
images (57).jpeg,0
images (58).jpeg,0
images (59).jpeg,0
images (6).jpeg,0
images (60).jpeg,0
images (61).jpeg,0
images (62).jpeg,0
images (63).jpeg,0
images (64).jpeg,0
images (65).jpeg,0
images (66).jpeg,0
images (67).jpeg,0
images (68).jpeg,0
images (69).jpeg,0
images (7).jpeg,0
images (70).jpeg,0
images (71).jpeg,0
images (72).jpeg,0
images (73).jpeg,0
images (74).jpeg,0
images (75).jpeg,0
images (76).jpeg,0
images (77).jpeg,0
images (78).jpeg,0
images (79).jpeg,0
images (8).jpeg,0
images (80).jpeg,0
images (81).jpeg,0
images (82).jpeg,0
images (83).jpeg,0
images (84).jpeg,0
images (85).jpeg,0
images (86).jpeg,0
images (87).jpeg,0
images (88).jpeg,0
images (89).jpeg,0
images (9).jpeg,0
images (90).jpeg,0
images (91).jpeg,0
images (92).jpeg,0
images (93).jpeg,0
images (94).jpeg,0
images (95).jpeg,0
images (96).jpeg,0
images (97).jpeg,0
images (98).jpeg,0
images (99).jpeg,0
images - 2019-05-23T115933.485.jpeg,0
images - 2019-05-23T115940.497.jpeg,0
images - 2019-05-23T120017.550.jpeg,0
images.jpeg,0
images.jpg,0
images10.jpg,0
images100.jpg,0
images101.jpg,0
images102.jpg,0
images103.jpg,0
images104.jpg,0
images105.jpg,0
images106.jpg,0
images107.jpg,0
images108.jpg,0
images109.jpg,0
images11.jpg,0
images110.jpg,0
images111.jpg,0
images112.jpg,0
images113.jpg,0
images114.jpg,0
images115.jpg,0
images116.jpg,0
images117.jpg,0
images118.jpg,0
images119.jpg,0
images12.jpg,0
images120.jpg,0
images121.jpg,0
images123.jpg,0
images124.jpg,0
images125.jpg,0
images126.jpg,0
images127.jpg,0
images128.jpg,0
images129.jpg,0
images13.jpg,0
images131.jpg,0
images132.jpg,0
images133.jpg,0
images134.jpg,0
images135.jpg,0
images136.jpg,0
images137.jpg,0
images138.jpg,0
images139.jpg,0
images14.jpg,0
images140.jpg,0
images141.jpg,0
images142.jpg,0
images143.jpg,0
images144.jpg,0
images145.jpg,0
images146.jpg,0
images147.jpg,0
images148.jpg,0
images149.jpg,0
images15.jpg,0
images150.jpg,0
images151.jpg,0
images152.jpg,0
images153.jpg,0
images154.jpg,0
images155.jpg,0
images156.jpg,0
images157.jpg,0
images158.jpg,0
images159.jpg,0
images16.jpg,0
images160.jpg,0
images161.jpg,0
images162.jpg,0
images163.jpg,0
images164.jpg,0
images165.jpg,0
images166.jpg,0
images167.jpg,0
images168.jpg,0
images169.jpg,0
images17.jpg,0
images170.jpg,0
images171.jpg,0
images172.jpg,0
images173.jpg,0
images174.jpg,0
images175.jpg,0
images176.jpg,0
images177.jpg,0
images178.jpg,0
images179.jpg,0
images18.jpg,0
images180.jpg,0
images181.jpg,0
images182.jpg,0
images183.jpg,0
images185.jpg,0
images186.jpg,0
images187.jpg,0
images189.jpg,0
images19.jpg,0
images190.jpg,0
images191.jpg,0
images192.jpg,0
images193.jpg,0
images194.jpg,0
images196.jpg,0
images197.jpg,0
images198.jpg,0
images199.jpg,0
images2.jpg,0
images20.jpg,0
images200.jpg,0
images201.jpg,0
images202.jpg,0
images203.jpg,0
images204.jpg,0
images205.jpg,0
images206.jpg,0
images207.jpg,0
images208.jpg,0
images209.jpg,0
images21.jpg,0
images210.jpg,0
images211.jpg,0
images212.jpg,0
images213.jpg,0
images214.jpg,0
images215.jpg,0
images216.jpg,0
images217.jpg,0
images218.jpg,0
images219.jpg,0
images22.jpg,0
images220.jpg,0
images221.jpg,0
images222.jpg,0
images224.jpg,0
images225.jpg,0
images226.jpg,0
images227.jpg,0
images228.jpg,0
images229.jpg,0
images23.jpg,0
images230.jpg,0
images231.jpg,0
images232.jpg,0
images233.jpg,0
images234.jpg,0
images235.jpg,0
images236.jpg,0
images237.jpg,0
images238.jpg,0
images239.jpg,0
images24.jpg,0
images240.jpg,0
images241.jpg,0
images242.jpg,0
images243.jpg,0
images244.jpg,0
images245.jpg,0
images248.jpg,0
images249.jpg,0
images25.jpg,0
images250.jpg,0
images251.jpg,0
images252.jpg,0
images253.jpg,0
images254.jpg,0
images255.jpg,0
images256.jpg,0
images257.jpg,0
images258.jpg,0
images259.jpg,0
images26.jpg,0
images260.jpg,0
images261.jpg,0
images262.jpg,0
images263.jpg,0
images264.jpg,0
images265.jpg,0
images267.jpg,0
images268.jpg,0
images269.jpg,0
images27.jpg,0
images270.jpg,0
images271.jpg,0
images272.jpg,0
images273.jpg,0
images274.jpg,0
images275.jpg,0
images276.jpg,0
images277.jpg,0
images278.jpg,0
images279.jpg,0
images28.jpg,0
images280.jpg,0
images281.jpg,0
images282.jpg,0
images283.jpg,0
images284.jpg,0
images285.jpg,0
images286.jpg,0
images287.jpg,0
images288.jpg,0
images289.jpg,0
images289a.jpg,0
images289w.jpg,0
images29.jpg,0
images290.jpg,0
images291.jpg,0
images292.jpg,0
images293.jpg,0
images294.jpg,0
images295.jpg,0
images296.jpg,0
images297.jpg,0
images298.jpg,0
images299.jpg,0
images3.jpg,0
images30.jpg,0
images300.jpg,0
images303.jpg,0
images304.jpg,0
images305.jpg,0
images306.jpg,0
images307.jpg,0
images308.jpg,0
images309.jpg,0
images31.jpg,0
images310.jpg,0
images311.jpg,0
images312.jpg,0
images313.jpg,0
images314.jpg,0
images315.jpg,0
images316.jpg,0
images317.jpg,0
images319.jpg,0
images32.jpg,0
images320.jpg,0
images321.jpg,0
images322.jpg,0
images323.jpg,0
images324.jpg,0
images325.jpg,0
images326.jpg,0
images327.jpg,0
images328.jpg,0
images329.jpg,0
images33.jpg,0
images330.jpg,0
images331.jpg,0
images332.jpg,0
images333.jpg,0
images334.jpg,0
images335.jpg,0
images336.jpg,0
images337.jpg,0
images338.jpg,0
images339.jpg,0
images34.jpg,0
images340.jpg,0
images341.jpg,0
images342.jpg,0
images343.jpg,0
images344.jpg,0
images345.jpg,0
images346.jpg,0
images347.jpg,0
images348.jpg,0
images349.jpg,0
images35.jpg,0
images350.jpg,0
images351.jpg,0
images352.jpg,0
images353.jpg,0
images355.jpg,0
images356.jpg,0
images357.jpg,0
images358.jpg,0
images359.jpg,0
images36.jpg,0
images360.jpg,0
images361.jpg,0
images362.jpg,0
images363.jpg,0
images365.jpg,0
images366.jpg,0
images367.jpg,0
images368.jpg,0
images37.jpg,0
images370.jpg,0
images371.jpg,0
images373.jpg,0
images374.jpg,0
images375.jpg,0
images376.jpg,0
images377.jpg,0
images378.jpg,0
images379.jpg,0
images38.jpg,0
images380.jpg,0
images381.jpg,0
images382.jpg,0
images383.jpg,0
images384.jpg,0
images385.jpg,0
images386.jpg,0
images387.jpg,0
images388.jpg,0
images389.jpg,0
images39.jpg,0
images390.jpg,0
images391.jpg,0
images392.jpg,0
images393.jpg,0
images394.jpg,0
images395.jpg,0
images396.jpg,0
images397.jpg,0
images398.jpg,0
images399.jpg,0
images4.jpg,0
images40.jpg,0
images400.jpg,0
images401.jpg,0
images402.jpg,0
images403.jpg,0
images404.jpg,0
images405.jpg,0
images406.jpg,0
images407.jpg,0
images408.jpg,0
images409.jpg,0
images41.jpg,0
images410.jpg,0
images411.jpg,0
images412.jpg,0
images413.jpg,0
images414.jpg,0
images415.jpg,0
images416.jpg,0
images417.jpg,0
images418.jpg,0
images419.jpg,0
images42.jpg,0
images420.jpg,0
images421.jpg,0
images422.jpg,0
images423.jpg,0
images424.jpg,0
images425.jpg,0
images426.jpg,0
images427.jpg,0
images428.jpg,0
images429.jpg,0
images43.jpg,0
images430.jpg,0
images431.jpg,0
images432.jpg,0
images433.jpg,0
images434.jpg,0
images435.jpg,0
images436.jpg,0
images437.jpg,0
images438.jpg,0
images439.jpg,0
images44.jpg,0
images440.jpg,0
images441.jpg,0
images442.jpg,0
images443.jpg,0
images444.jpg,0
images445.jpg,0
images446.jpg,0
images447.jpg,0
images448.jpg,0
images449.jpg,0
images45.jpg,0
images450.jpg,0
images451.jpg,0
images452.jpg,0
images453.jpg,0
images454.jpg,0
images455.jpg,0
images456.jpg,0
images457.jpg,0
images458.jpg,0
images459.jpg,0
images46.jpg,0
images460.jpg,0
images461.jpg,0
images462.jpg,0
images463.jpg,0
images464.jpg,0
images465.jpg,0
images466.jpg,0
images467.jpg,0
images468.jpg,0
images469.jpg,0
images47.jpg,0
images470.jpg,0
images471.jpg,0
images472.jpg,0
images473.jpg,0
images474.jpg,0
images475.jpg,0
images476.jpg,0
images477.jpg,0
images478.jpg,0
images479.jpg,0
images48.jpg,0
images480.jpg,0
images481.jpg,0
images482.jpg,0
images483.jpg,0
images484.jpg,0
images485.jpg,0
images486.jpg,0
images487.jpg,0
images488.jpg,0
images489.jpg,0
images49.jpg,0
images490.jpg,0
images491.jpg,0
images492.jpg,0
images493.jpg,0
images494.jpg,0
images495.jpg,0
images496.jpg,0
images497.jpg,0
images498.jpg,0
images499.jpg,0
images5.jpg,0
images50.jpg,0
images500.jpg,0
images501.jpg,0
images502.jpg,0
images503.jpg,0
images504.jpg,0
images505.jpg,0
images506.jpg,0
images507.jpg,0
images508.jpg,0
images51.jpg,0
images510.jpg,0
images511.jpg,0
images512.jpg,0
images513.jpg,0
images514.jpg,0
images515.jpg,0
images516.jpg,0
images517.jpg,0
images518.jpg,0
images519.jpg,0
images52.jpg,0
images520.jpg,0
images521.jpg,0
images522.jpg,0
images523.jpg,0
images524.jpg,0
images525.jpg,0
images526.jpg,0
images527.jpg,0
images528.jpg,0
images529.jpg,0
images529a.jpg,0
images53.jpg,0
images530.jpg,0
images531.jpg,0
images532.jpg,0
images533.jpg,0
images534.jpg,0
images535.jpg,0
images536.jpg,0
images537.jpg,0
images538.jpg,0
images539.jpg,0
images54.jpg,0
images540.jpg,0
images541.jpg,0
images542.jpg,0
images543.jpg,0
images544.jpg,0
images545.jpg,0
images546.jpg,0
images547.jpg,0
images548.jpg,0
images549.jpg,0
images55.jpg,0
images550.jpg,0
images551.jpg,0
images552.jpg,0
images553.jpg,0
images554.jpg,0
images555.jpg,0
images556.jpg,0
images557.jpg,0
images558.jpg,0
images559.jpg,0
images56.jpg,0
images560.jpg,0
images561.jpg,0
images562.jpg,0
images563.jpg,0
images5631.jpg,0
images564.jpg,0
images565.jpg,0
images566.jpg,0
images567.jpg,0
images568.jpg,0
images569.jpg,0
images57.jpg,0
images570.jpg,0
images571.jpg,0
images572.jpg,0
images573.jpg,0
images574.jpg,0
images575.jpg,0
images576.jpg,0
images577.jpg,0
images578.jpg,0
images579.jpg,0
images58.jpg,0
images580.jpg,0
images581.jpg,0
images582.jpg,0
images583.jpg,0
images584.jpg,0
images585.jpg,0
images585a.jpg,0
images587.jpg,0
images588.jpg,0
images589.jpg,0
images59.jpg,0
images591.jpg,0
images592.jpg,0
images593.jpg,0
images593e.jpg,0
images594.jpg,0
images595.jpg,0
images6.jpg,0
images60.jpg,0
images61.jpg,0
images62.jpg,0
images63.jpg,0
images64.jpg,0
images65.jpg,0
images66.jpg,0
images67.jpg,0
images68.jpg,0
images69.jpg,0
images7.jpg,0
images70.jpg,0
images71.jpg,0
images72.jpg,0
images73.jpg,0
images74.jpg,0
images75.jpg,0
images76.jpg,0
images77.jpg,0
images78.jpg,0
images79.jpg,0
images8.jpg,0
images80.jpg,0
images81.jpg,0
images82.jpg,0
images83.jpg,0
images84.jpg,0
images85.jpg,0
images86.jpg,0
images87.jpg,0
images88.jpg,0
images89.jpg,0
images9.jpg,0
images90.jpg,0
images91.jpg,0
images92.jpg,0
images93.jpg,0
images94.jpg,0
images95.jpg,0
images96.jpg,0
images97.jpg,0
images98.jpg,0
images99.jpg,0
img-0099.jpeg,0
IMG_1753-scaled.jpeg,0
IMG_3697.jpg,0
In-Defense-Of-Rats-Science-531900677.jpg,0
iStock-1150559465-1200px.jpg,0
iStock-624161674-1200px-510x305.jpg,0
jmln6463st9.2403111609550.jpg,0
joshua-j-cotten-QxW15BmJxOQ-unsplash.jpg,0
massive-rat-banner.jpeg,0
Mice-Fighting-Concept.jpg,0
mice-infestation-in-london-house.jpeg,0
mice-library.jpg,0
mice-list-cute-instagram-6463680cdc174-jpeg__700.jpg,0
mice-rats-differences-e1709806888904.jpg,0
Mice.jpg,0
mice_in_a_box_advice_article-1536x0-c-default.jpg,0
mouse-1708192_1280-e1577789762850.jpg,0
Mouse-Behavior-1080x675.jpg,0
mouse-genetics-parenting-neuroscience.jpg,0
Mouse-on-Wooden-Table-500x300.jpg,0
mouse.jpg,0
Mouse_AdobeStock_653820918-790x525.jpg,0
Mouse_UCL_10.jpg,0
NationalGeographic_1099295.jpg,0
NationalGeographic_2794354.jpg,0
Native-Long-haired-Rat-pokes-its-haead-out.jpg,0
norway-rat-auburn-maine.jpg,0
Norway-rat.jpg,0
norway-rat2.jpeg,0
Norway-rat2.jpg,0
p03b9j77.jpeg,0
patrick-kalkman-WSG7DwLxX6o-unsplash-scaled.jpg,0
pet_rats_veterinarian.jpg,0
pexels-denitsa-kireva-14595471.jpg,0
pexels-denitsa-kireva-2915302-5774176-scaled.jpg,0
Pizza-Rat.png,0
Purdue-rodent-ID.png,0
QSibmDOSzA5FG5Hr00MzWDpocket-pals-theres-a-mouse-in-the-house.jpg.jpg,0
rat-d80bf1ebda9726e2772eecb934e881eeeb6023b5.jpg,0
rat-numbers.jpeg,0
rat-sitting-near-the-window.2408152208365.png,0
Rat-vs-Mouse.jpg,0
rat.1200x630.jpg,0
rat.jpg,0
ratcity-ratstress.jpg,0
rats 23.jpg,0
Rats-1024x683.jpg,0
rats-1920x1280.jpg,0
rats-and-food03-Keenan-Recycling.jpg,0
rats-as-pets-scaled.jpg,0
rats-in-your-attic.jpeg,0
rats-relaxing-in-bed.jpg,0
rats-the-worlds-most-unrated-pet.png,0
Rats-with-Teddy-Bears-14_grande.jpg,0
rats-wood-surface.jpg,0
rat_TPC_Blog.jpg,0
RM-001678.jpeg,0
RM-three-mice-for-hero.jpg,0
Rodent-Control.jpg,0
rodent-identification-sewer-norway-rat-lg.jpg,0
Rodent-Roundup-How-Big-Rats-Can-Get.jpg,0
rodents-scaled.jpg,0
SEI_179027223.jpg,0
Shah_Free_Range_Lab_Mice_sub.jpg,0
shutterstock_13922863-house_mouse_fmt.png,0
shutterstock_207253453.jpg,0
shutterstock_250743292.jpg,0
shutterstock_536505532.jpg,0
shutterstock_749507149-min.jpg,0
SmellingRats.jpg,0
studio-photograph-of-a-white-mouse-royalty-free-image-1729004892.jpg,0
tastes-Exposure-odours-chemicals-life-animal-food.jpg,0
the-complete-guide-to-pet-mice.jpg,0
the-difference-between-house-mouse-deer-mouse.jpg,0
two-rats-on-a-blue-hammock.jpeg,0
two_mice_in_a_toy-1536x0-c-default.jpg,0
Untitled-design-2021-10-22T101515.209.png,0
VIER20PFOTEN_2019-09-16_024-3854x2667-1920x1329.jpg,0
Where-Do-Rats-Like-To-Live-1.jpg,0
White-lab-mouse-with-cute-little-snout-pointed-at-us..jpg,0
White-rat.jpg,0
why-jax-mice.png,0
wildlife-id-House-Mice-1200x630.jpg,0
Wood-mouse-apodemus-sylvaticus-e1521916778551-702x336.jpg,0
Z (1).jpeg,0
Z (10).jpeg,0
Z (11).jpeg,0
Z (12).jpeg,0
Z (2).jpeg,0
Z (3).jpeg,0
Z (4).jpeg,0
Z (5).jpeg,0
Z (6).jpeg,0
Z (7).jpeg,0
Z (8).jpeg,0
Z (9).jpeg,0
Z.jpeg,0
_103782330_182387.jpg,0
_114891122_rat.jpg,0
frog-1.png,1
frog-10.png,1
frog-100.png,1
frog-1000.png,1
frog-1001.png,1
frog-1002.png,1
frog-1003.png,1
frog-1004.png,1
frog-1005.png,1
frog-1006.png,1
frog-1007.png,1
frog-1008.png,1
frog-1009.png,1
frog-101.png,1
frog-1010.png,1
frog-1011.png,1
frog-1012.png,1
frog-1013.png,1
frog-1014.png,1
frog-1015.png,1
frog-1016.png,1
frog-1017.png,1
frog-1018.png,1
frog-1019.png,1
frog-102.png,1
frog-1020.png,1
frog-1021.png,1
frog-1022.png,1
frog-1023.png,1
frog-1024.png,1
frog-1025.png,1
frog-1026.png,1
frog-1027.png,1
frog-1028.png,1
frog-1029.png,1
frog-103.png,1
frog-1030.png,1
frog-1031.png,1
frog-1032.png,1
frog-1033.png,1
frog-1034.png,1
frog-1035.png,1
frog-1036.png,1
frog-1037.png,1
frog-1038.png,1
frog-1039.png,1
frog-104.png,1
frog-1040.png,1
frog-1041.png,1
frog-1042.png,1
frog-1043.png,1
frog-1044.png,1
frog-1045.png,1
frog-1046.png,1
frog-1047.png,1
frog-1048.png,1
frog-1049.png,1
frog-105.png,1
frog-1050.png,1
frog-1051.png,1
frog-1052.png,1
frog-1053.png,1
frog-1054.png,1
frog-1055.png,1
frog-1056.png,1
frog-1057.png,1
frog-1058.png,1
frog-1059.png,1
frog-106.png,1
frog-1060.png,1
frog-1061.png,1
frog-1062.png,1
frog-1063.png,1
frog-1064.png,1
frog-1065.png,1
frog-1066.png,1
frog-1067.png,1
frog-1068.png,1
frog-1069.png,1
frog-107.png,1
frog-1070.png,1
frog-1071.png,1
frog-1072.png,1
frog-1073.png,1
frog-1074.png,1
frog-1075.png,1
frog-1076.png,1
frog-1077.png,1
frog-1078.png,1
frog-1079.png,1
frog-108.png,1
frog-1080.png,1
frog-1081.png,1
frog-1082.png,1
frog-1083.png,1
frog-1084.png,1
frog-1085.png,1
frog-1086.png,1
frog-1087.png,1
frog-1088.png,1
frog-1089.png,1
frog-109.png,1
frog-1090.png,1
frog-1091.png,1
frog-1092.png,1
frog-1093.png,1
frog-1094.png,1
frog-1095.png,1
frog-1096.png,1
frog-1097.png,1
frog-1098.png,1
frog-1099.png,1
frog-11.png,1
frog-110.png,1
frog-1100.png,1
frog-1101.png,1
frog-1102.png,1
frog-1103.png,1
frog-1104.png,1
frog-1105.png,1
frog-1106.png,1
frog-1107.png,1
frog-1108.png,1
frog-1109.png,1
frog-111.png,1
frog-1110.png,1
frog-1111.png,1
frog-1112.png,1
frog-1113.png,1
frog-1114.png,1
frog-1115.png,1
frog-1116.png,1
frog-1117.png,1
frog-1118.png,1
frog-1119.png,1
frog-112.png,1
frog-1120.png,1
frog-1121.png,1
frog-1122.png,1
frog-1123.png,1
frog-1124.png,1
frog-1125.png,1
frog-1126.png,1
frog-1127.png,1
frog-1128.png,1
frog-1129.png,1
frog-113.png,1
frog-1130.png,1
frog-1131.png,1
frog-1132.png,1
frog-1133.png,1
frog-1134.png,1
frog-1135.png,1
frog-1136.png,1
frog-1137.png,1
frog-1138.png,1
frog-1139.png,1
frog-114.png,1
frog-1140.png,1
frog-1141.png,1
frog-1142.png,1
frog-1143.png,1
frog-1144.png,1
frog-1145.png,1
frog-1146.png,1
frog-1147.png,1
frog-1148.png,1
frog-1149.png,1
frog-115.png,1
frog-1150.png,1
frog-1151.png,1
frog-1152.png,1
frog-1153.png,1
frog-1154.png,1
frog-1155.png,1
frog-1156.png,1
frog-1157.png,1
frog-1158.png,1
frog-1159.png,1
frog-116.png,1
frog-1160.png,1
frog-1161.png,1
frog-1162.png,1
frog-1163.png,1
frog-1164.png,1
frog-1165.png,1
frog-1166.png,1
frog-1167.png,1
frog-1168.png,1
frog-1169.png,1
frog-117.png,1
frog-1170.png,1
frog-1171.png,1
frog-1172.png,1
frog-1173.png,1
frog-1174.png,1
frog-1175.png,1
frog-1176.png,1
frog-1177.png,1
frog-1178.png,1
frog-1179.png,1
frog-118.png,1
frog-1180.png,1
frog-1181.png,1
frog-1182.png,1
frog-1183.png,1
frog-1184.png,1
frog-1185.png,1
frog-1186.png,1
frog-1187.png,1
frog-1188.png,1
frog-1189.png,1
frog-119.png,1
frog-1190.png,1
frog-1191.png,1
frog-1192.png,1
frog-1193.png,1
frog-1194.png,1
frog-1195.png,1
frog-1196.png,1
frog-1197.png,1
frog-1198.png,1
frog-1199.png,1
frog-12.png,1
frog-120.png,1
frog-1200.png,1
frog-1201.png,1
frog-1202.png,1
frog-1203.png,1
frog-1204.png,1
frog-1205.png,1
frog-1206.png,1
frog-1207.png,1
frog-1208.png,1
frog-1209.png,1
frog-121.png,1
frog-1210.png,1
frog-1211.png,1
frog-1212.png,1
frog-1213.png,1
frog-1214.png,1
frog-1215.png,1
frog-1216.png,1
frog-1217.png,1
frog-1218.png,1
frog-1219.png,1
frog-122.png,1
frog-1220.png,1
frog-1221.png,1
frog-1222.png,1
frog-1223.png,1
frog-1224.png,1
frog-1225.png,1
frog-1226.png,1
frog-1227.png,1
frog-1228.png,1
frog-1229.png,1
frog-123.png,1
frog-1230.png,1
frog-1231.png,1
frog-1232.png,1
frog-1233.png,1
frog-1234.png,1
frog-1235.png,1
frog-1236.png,1
frog-1237.png,1
frog-1238.png,1
frog-1239.png,1
frog-124.png,1
frog-1240.png,1
frog-1241.png,1
frog-1242.png,1
frog-1243.png,1
frog-1244.png,1
frog-1245.png,1
frog-1246.png,1
frog-1247.png,1
frog-1248.png,1
frog-1249.png,1
frog-125.png,1
frog-1250.png,1
frog-1251.png,1
frog-1252.png,1
frog-1253.png,1
frog-1254.png,1
frog-1255.png,1
frog-1256.png,1
frog-1257.png,1
frog-1258.png,1
frog-1259.png,1
frog-126.png,1
frog-1260.png,1
frog-1261.png,1
frog-1262.png,1
frog-1263.png,1
frog-1264.png,1
frog-1265.png,1
frog-1266.png,1
frog-1267.png,1
frog-1268.png,1
frog-1269.png,1
frog-127.png,1
frog-1270.png,1
frog-1271.png,1
frog-1272.png,1
frog-1273.png,1
frog-1274.png,1
frog-1275.png,1
frog-1276.png,1
frog-1277.png,1
frog-1278.png,1
frog-1279.png,1
frog-128.png,1
frog-1280.png,1
frog-1281.png,1
frog-1282.png,1
frog-1283.png,1
frog-1284.png,1
frog-1285.png,1
frog-1286.png,1
frog-1287.png,1
frog-1288.png,1
frog-1289.png,1
frog-129.png,1
frog-1290.png,1
frog-1291.png,1
frog-1292.png,1
frog-1293.png,1
frog-1294.png,1
frog-1295.png,1
frog-1296.png,1
frog-1297.png,1
frog-1298.png,1
frog-1299.png,1
frog-13.png,1
frog-130.png,1
frog-1300.png,1
frog-1301.png,1
frog-1302.png,1
frog-1303.png,1
frog-1304.png,1
frog-1305.png,1
frog-1306.png,1
frog-1307.png,1
frog-1308.png,1
frog-1309.png,1
frog-131.png,1
frog-1310.png,1
frog-1311.png,1
frog-1312.png,1
frog-1313.png,1
frog-1314.png,1
frog-1315.png,1
frog-1316.png,1
frog-1317.png,1
frog-1318.png,1
frog-1319.png,1
frog-132.png,1
frog-1320.png,1
frog-1321.png,1
frog-1322.png,1
frog-1323.png,1
frog-1324.png,1
frog-1325.png,1
frog-1326.png,1
frog-1327.png,1
frog-1328.png,1
frog-1329.png,1
frog-133.png,1
frog-1330.png,1
frog-1331.png,1
frog-1332.png,1
frog-1333.png,1
frog-1334.png,1
frog-1335.png,1
frog-1336.png,1
frog-1337.png,1
frog-1338.png,1
frog-1339.png,1
frog-134.png,1
frog-1340.png,1
frog-1341.png,1
frog-1342.png,1
frog-1343.png,1
frog-1344.png,1
frog-1345.png,1
frog-1346.png,1
frog-1347.png,1
frog-1348.png,1
frog-1349.png,1
frog-135.png,1
frog-1350.png,1
frog-1351.png,1
frog-1352.png,1
frog-1353.png,1
frog-1354.png,1
frog-1355.png,1
frog-1356.png,1
frog-1357.png,1
frog-1358.png,1
frog-1359.png,1
frog-136.png,1
frog-1360.png,1
frog-1361.png,1
frog-1362.png,1
frog-1363.png,1
frog-1364.png,1
frog-1365.png,1
frog-1366.png,1
frog-1367.png,1
frog-1368.png,1
frog-1369.png,1
frog-137.png,1
frog-1370.png,1
frog-1371.png,1
frog-1372.png,1
frog-1373.png,1
frog-1374.png,1
frog-1375.png,1
frog-1376.png,1
frog-1377.png,1
frog-1378.png,1
frog-1379.png,1
frog-138.png,1
frog-1380.png,1
frog-1381.png,1
frog-1382.png,1
frog-1383.png,1
frog-1384.png,1
frog-1385.png,1
frog-1386.png,1
frog-1387.png,1
frog-1388.png,1
frog-1389.png,1
frog-139.png,1
frog-1390.png,1
frog-1391.png,1
frog-1392.png,1
frog-1393.png,1
frog-1394.png,1
frog-1395.png,1
frog-1396.png,1
frog-1397.png,1
frog-1398.png,1
frog-1399.png,1
frog-14.png,1
frog-140.png,1
frog-1400.png,1
frog-1401.png,1
frog-1402.png,1
frog-1403.png,1
frog-1404.png,1
frog-1405.png,1
frog-1406.png,1
frog-1407.png,1
frog-1408.png,1
frog-1409.png,1
frog-141.png,1
frog-1410.png,1
frog-1411.png,1
frog-1412.png,1
frog-1413.png,1
frog-1414.png,1
frog-1415.png,1
frog-1416.png,1
frog-1417.png,1
frog-1418.png,1
frog-1419.png,1
frog-142.png,1
frog-1420.png,1
frog-1421.png,1
frog-1422.png,1
frog-1423.png,1
frog-1424.png,1
frog-1425.png,1
frog-1426.png,1
frog-1427.png,1
frog-1428.png,1
frog-1429.png,1
frog-143.png,1
frog-1430.png,1
frog-1431.png,1
frog-1432.png,1
frog-1433.png,1
frog-1434.png,1
frog-1435.png,1
frog-1436.png,1
frog-1437.png,1
frog-1438.png,1
frog-1439.png,1
frog-144.png,1
frog-1440.png,1
frog-1441.png,1
frog-1442.png,1
frog-1443.png,1
frog-1444.png,1
frog-1445.png,1
frog-1446.png,1
frog-1447.png,1
frog-1448.png,1
frog-1449.png,1
frog-145.png,1
frog-1450.png,1
frog-1451.png,1
frog-1452.png,1
frog-1453.png,1
frog-1454.png,1
frog-1455.png,1
frog-1456.png,1
frog-1457.png,1
frog-1458.png,1
frog-1459.png,1
frog-146.png,1
frog-1460.png,1
frog-1461.png,1
frog-1462.png,1
frog-1463.png,1
frog-1464.png,1
frog-1465.png,1
frog-1466.png,1
frog-1467.png,1
frog-1468.png,1
frog-1469.png,1
frog-147.png,1
frog-1470.png,1
frog-1471.png,1
frog-1472.png,1
frog-1473.png,1
frog-1474.png,1
frog-1475.png,1
frog-1476.png,1
frog-1477.png,1
frog-1478.png,1
frog-1479.png,1
frog-148.png,1
frog-1480.png,1
frog-1481.png,1
frog-1482.png,1
frog-1483.png,1
frog-1484.png,1
frog-1485.png,1
frog-1486.png,1
frog-1487.png,1
frog-1488.png,1
frog-1489.png,1
frog-149.png,1
frog-1490.png,1
frog-1491.png,1
frog-1492.png,1
frog-1493.png,1
frog-1494.png,1
frog-1495.png,1
frog-1496.png,1
frog-1497.png,1
frog-1498.png,1
frog-1499.png,1
frog-15.png,1
frog-150.png,1
frog-1500.png,1
frog-1501.png,1
frog-1502.png,1
frog-1503.png,1
frog-1504.png,1
frog-1505.png,1
frog-1506.png,1
frog-1507.png,1
frog-1508.png,1
frog-1509.png,1
frog-151.png,1
frog-1510.png,1
frog-1511.png,1
frog-1512.png,1
frog-1513.png,1
frog-1514.png,1
frog-1515.png,1
frog-1516.png,1
frog-1517.png,1
frog-1518.png,1
frog-1519.png,1
frog-152.png,1
frog-1520.png,1
frog-1521.png,1
frog-1522.png,1
frog-1523.png,1
frog-1524.png,1
frog-1525.png,1
frog-1526.png,1
frog-1527.png,1
frog-1528.png,1
frog-1529.png,1
frog-153.png,1
frog-1530.png,1
frog-1531.png,1
frog-1532.png,1
frog-1533.png,1
frog-1534.png,1
frog-1535.png,1
frog-1536.png,1
frog-1537.png,1
frog-1538.png,1
frog-1539.png,1
frog-154.png,1
frog-1540.png,1
frog-1541.png,1
frog-1542.png,1
frog-1543.png,1
frog-1544.png,1
frog-1545.png,1
frog-1546.png,1
frog-1547.png,1
frog-1548.png,1
frog-1549.png,1
frog-155.png,1
frog-1550.png,1
frog-1551.png,1
frog-1552.png,1
frog-1553.png,1
frog-1554.png,1
frog-1555.png,1
frog-1556.png,1
frog-1557.png,1
frog-1558.png,1
frog-1559.png,1
frog-156.png,1
frog-1560.png,1
frog-1561.png,1
frog-1562.png,1
frog-1563.png,1
frog-1564.png,1
frog-1565.png,1
frog-1566.png,1
frog-1567.png,1
frog-1568.png,1
frog-1569.png,1
frog-157.png,1
frog-1570.png,1
frog-1571.png,1
frog-1572.png,1
frog-1573.png,1
frog-1574.png,1
frog-1575.png,1
frog-1576.png,1
frog-1577.png,1
frog-1578.png,1
frog-1579.png,1
frog-158.png,1
frog-1580.png,1
frog-1581.png,1
frog-1582.png,1
frog-1583.png,1
frog-1584.png,1
frog-1585.png,1
frog-1586.png,1
frog-1587.png,1
frog-1588.png,1
frog-1589.png,1
frog-159.png,1
frog-1590.png,1
frog-1591.png,1
frog-1592.png,1
frog-1593.png,1
frog-1594.png,1
frog-1595.png,1
frog-1596.png,1
frog-1597.png,1
frog-1598.png,1
frog-1599.png,1
frog-16.png,1
frog-160.png,1
frog-1600.png,1
frog-1601.png,1
frog-1602.png,1
frog-1603.png,1
frog-1604.png,1
frog-1605.png,1
frog-1606.png,1
frog-1607.png,1
frog-1608.png,1
frog-1609.png,1
frog-161.png,1
frog-1610.png,1
frog-1611.png,1
frog-1612.png,1
frog-1613.png,1
frog-1614.png,1
frog-1615.png,1
frog-1616.png,1
frog-1617.png,1
frog-1618.png,1
frog-1619.png,1
frog-162.png,1
frog-1620.png,1
frog-1621.png,1
frog-1622.png,1
frog-1623.png,1
frog-1624.png,1
frog-1625.png,1
frog-1626.png,1
frog-1627.png,1
frog-1628.png,1
frog-1629.png,1
frog-163.png,1
frog-1630.png,1
frog-1631.png,1
frog-1632.png,1
frog-1633.png,1
frog-1634.png,1
frog-1635.png,1
frog-1636.png,1
frog-1637.png,1
frog-1638.png,1
frog-1639.png,1
frog-164.png,1
frog-1640.png,1
frog-1641.png,1
frog-1642.png,1
frog-1643.png,1
frog-1644.png,1
frog-1645.png,1
frog-1646.png,1
frog-1647.png,1
frog-1648.png,1
frog-1649.png,1
frog-165.png,1
frog-1650.png,1
frog-1651.png,1
frog-1652.png,1
frog-1653.png,1
frog-1654.png,1
frog-1655.png,1
frog-1656.png,1
frog-1657.png,1
frog-1658.png,1
frog-1659.png,1
frog-166.png,1
frog-1660.png,1
frog-1661.png,1
frog-1662.png,1
frog-1663.png,1
frog-1664.png,1
frog-1665.png,1
frog-1666.png,1
frog-1667.png,1
frog-1668.png,1
frog-1669.png,1
frog-167.png,1
frog-1670.png,1
frog-1671.png,1
frog-1672.png,1
frog-1673.png,1
frog-1674.png,1
frog-1675.png,1
frog-1676.png,1
frog-1677.png,1
frog-1678.png,1
frog-1679.png,1
frog-168.png,1
frog-1680.png,1
frog-1681.png,1
frog-1682.png,1
frog-1683.png,1
frog-1684.png,1
frog-1685.png,1
frog-1686.png,1
frog-1687.png,1
frog-1688.png,1
frog-1689.png,1
frog-169.png,1
frog-1690.png,1
frog-1691.png,1
frog-1692.png,1
frog-1693.png,1
frog-1694.png,1
frog-1695.png,1
frog-1696.png,1
frog-1697.png,1
frog-1698.png,1
frog-1699.png,1
frog-17.png,1
frog-170.png,1
frog-1700.png,1
frog-1701.png,1
frog-1702.png,1
frog-1703.png,1
frog-1704.png,1
frog-1705.png,1
frog-1706.png,1
frog-1707.png,1
frog-1708.png,1
frog-1709.png,1
frog-171.png,1
frog-1710.png,1
frog-1711.png,1
frog-1712.png,1
frog-1713.png,1
frog-1714.png,1
frog-1715.png,1
frog-1716.png,1
frog-1717.png,1
frog-1718.png,1
frog-1719.png,1
frog-172.png,1
frog-1720.png,1
frog-1721.png,1
frog-1722.png,1
frog-1723.png,1
frog-1724.png,1
frog-1725.png,1
frog-1726.png,1
frog-1727.png,1
frog-1728.png,1
frog-1729.png,1
frog-173.png,1
frog-1730.png,1
frog-1731.png,1
frog-1732.png,1
frog-1733.png,1
frog-1734.png,1
frog-1735.png,1
frog-1736.png,1
frog-1737.png,1
frog-1738.png,1
frog-1739.png,1
frog-174.png,1
frog-1740.png,1
frog-1741.png,1
frog-1742.png,1
frog-1743.png,1
frog-1744.png,1
frog-1745.png,1
frog-1746.png,1
frog-1747.png,1
frog-1748.png,1
frog-1749.png,1
frog-175.png,1
frog-1750.png,1
frog-1751.png,1
frog-1752.png,1
frog-1753.png,1
frog-1754.png,1
frog-1755.png,1
frog-1756.png,1
frog-1757.png,1
frog-1758.png,1
frog-1759.png,1
frog-176.png,1
frog-1760.png,1
frog-1761.png,1
frog-1762.png,1
frog-1763.png,1
frog-1764.png,1
frog-1765.png,1
frog-1766.png,1
frog-1767.png,1
frog-1768.png,1
frog-1769.png,1
frog-177.png,1
frog-1770.png,1
frog-1771.png,1
frog-1772.png,1
frog-1773.png,1
frog-1774.png,1
frog-1775.png,1
frog-1776.png,1
frog-1777.png,1
frog-1778.png,1
frog-1779.png,1
frog-178.png,1
frog-1780.png,1
frog-1781.png,1
frog-1782.png,1
frog-1783.png,1
frog-1784.png,1
frog-1785.png,1
frog-1786.png,1
frog-1787.png,1
frog-1788.png,1
frog-1789.png,1
frog-179.png,1
frog-1790.png,1
frog-1791.png,1
frog-1792.png,1
frog-1793.png,1
frog-1794.png,1
frog-1795.png,1
frog-1796.png,1
frog-1797.png,1
frog-1798.png,1
frog-1799.png,1
frog-18.png,1
frog-180.png,1
frog-1800.png,1
frog-1801.png,1
frog-1802.png,1
frog-1803.png,1
frog-1804.png,1
frog-1805.png,1
frog-1806.png,1
frog-1807.png,1
frog-1808.png,1
frog-1809.png,1
frog-181.png,1
frog-1810.png,1
frog-1811.png,1
frog-1812.png,1
frog-1813.png,1
frog-1814.png,1
frog-1815.png,1
frog-1816.png,1
frog-1817.png,1
frog-1818.png,1
frog-1819.png,1
frog-182.png,1
frog-1820.png,1
frog-1821.png,1
frog-1822.png,1
frog-1823.png,1
frog-1824.png,1
frog-1825.png,1
frog-1826.png,1
frog-1827.png,1
frog-1828.png,1
frog-1829.png,1
frog-183.png,1
frog-1830.png,1
frog-1831.png,1
frog-1832.png,1
frog-1833.png,1
frog-1834.png,1
frog-1835.png,1
frog-1836.png,1
frog-1837.png,1
frog-1838.png,1
frog-1839.png,1
frog-184.png,1
frog-1840.png,1
frog-1841.png,1
frog-1842.png,1
frog-1843.png,1
frog-1844.png,1
frog-1845.png,1
frog-1846.png,1
frog-1847.png,1
frog-1848.png,1
frog-1849.png,1
frog-185.png,1
frog-1850.png,1
frog-1851.png,1
frog-1852.png,1
frog-1853.png,1
frog-1854.png,1
frog-1855.png,1
frog-1856.png,1
frog-1857.png,1
frog-1858.png,1
frog-1859.png,1
frog-186.png,1
frog-1860.png,1
frog-1861.png,1
frog-1862.png,1
frog-1863.png,1
frog-1864.png,1
frog-1865.png,1
frog-1866.png,1
frog-1867.png,1
frog-1868.png,1
frog-1869.png,1
frog-187.png,1
frog-1870.png,1
frog-1871.png,1
frog-1872.png,1
frog-1873.png,1
frog-1874.png,1
frog-1875.png,1
frog-1876.png,1
frog-1877.png,1
frog-1878.png,1
frog-1879.png,1
frog-188.png,1
frog-1880.png,1
frog-1881.png,1
frog-1882.png,1
frog-1883.png,1
frog-1884.png,1
frog-1885.png,1
frog-1886.png,1
frog-1887.png,1
frog-1888.png,1
frog-1889.png,1
frog-189.png,1
frog-1890.png,1
frog-1891.png,1
frog-1892.png,1
frog-1893.png,1
frog-1894.png,1
frog-1895.png,1
frog-1896.png,1
frog-1897.png,1
frog-1898.png,1
frog-1899.png,1
